<?xml version="1.0" encoding="utf-8"?>
<openerp>
<data>
	<record model="ir.ui.view" id="model_view_partner_form">
		<field name="name">res.partner.form.inherit</field> 
		<field name="model">res.partner</field>
		<field name="type">form</field>

		<field name="inherit_id" ref="base.view_partner_form"/>
		<field name="arch" type="xml">
			<notebook position="inside">
			<page string="Informacion adicional">
				<separator colspan="4" string="Informacion adicional Partner"/>
				<field name="nombre_fantasia" colspan="2"/>
				<field name="giro" colspan="2"/>
			</page>
			</notebook>
		</field>
	</record>

</data>
</openerp> 

