<openerp>
  <data>

    <record id="view_report_aeroo_installer" model="ir.ui.view">
      <field name="name">report.aeroo.installer.view</field>
      <field name="model">report.aeroo.installer</field>
      <field name="type">form</field>
      <field name="inherit_id" ref="base.res_config_installer"/>
      <field name="arch" type="xml">
          <data>
                <form position="attributes" version="7.0">
                  <attribute name="string">Aeroo Reports Installation</attribute>
                </form>
                <footer position="replace">
                    <footer>
                        <button name="action_next" type="object" string="Continue" invisible="context.get('menu',False)" class="oe_highlight"/>
                        or
                        <button special="cancel" string="Close" class="oe_link"/>
                    </footer>
                </footer>
                <separator string="title" position="replace">
                    <p class="oe_grey">
                        Aeroo Reports for OpenERP is a comprehensive reporting engine based on Aeroo Library.
                    </p>
                    <group>
                        <group width="25%%">
                          <field name="config_logo" widget="image" nolabel="1" colspan="2"/>
                        </group>
                        <group width="75%%">
                          <field name="link" widget="url"/>
                        </group>
                    </group>
                </separator>
          </data>
      </field>
    </record>

    <record id="action_report_aeroo_installer" model="ir.actions.act_window">
      <field name="name">Aeroo Reports Installation</field>
      <field name="type">ir.actions.act_window</field>
      <field name="res_model">report.aeroo.installer</field>
      <field name="view_id" ref="view_report_aeroo_installer"/>
      <field name="view_type">form</field>
      <field name="view_mode">form</field>
      <field name="target">new</field>
    </record>

    <record id="report_aeroo_installer_todo" model="ir.actions.todo">
        <field name="action_id" ref="action_report_aeroo_installer"/>
        <field name="restart">always</field>
        <field name="sequence">3</field>
        <field name="type">automatic</field>
    </record>

  </data>
</openerp>
