<?xml version="1.0" encoding="utf-8"?>
<openerp>
    <data>
        <record id="view_report_designer_installer" model="ir.ui.view">
            <field name="name">Form View: OpenERP Report Designer Installation</field>
            <field name="model">base_report_designer.installer</field>
            <field name="inherit_id" ref="base.res_config_installer"/>
            <field name="arch" type="xml">
                <data>
                    <form position="attributes" version="7.0">
                        <attribute name="string">OpenERP Report Designer Configuration</attribute>
                    </form>
                    <separator string="title" position="before">
                        <label string="This plug-in allows you to create/modify OpenERP Reports into OpenOffice Writer."/>
                    </separator>
                    <xpath expr="//button[@string='Install Modules']" position="replace">
                        <button name="action_next" icon="gtk-go-forward" type="object" string="Configure" invisible="context.get('menu',False)" class="oe_highlight"/>
                    </xpath>
                    
                    <xpath expr="//separator[@string='title']" position="after">
                        <group colspan="8" height="450" width="750">
                            <field name="name" invisible="1"/>
                            <field name="plugin_file" filename="name"/>
                            <separator string="Installation and Configuration Steps" colspan="4"/>
                            <field name="description" nolabel="1" colspan="8"/>
                        </group>
                    </xpath>
                    <separator string="title" position="attributes">
                        <attribute name="string">OpenERP Report Designer</attribute>
                    </separator>
                </data>
            </field>
        </record>
        <record id="action_report_designer_installer" model="ir.actions.act_window">
            <field name="name">OpenERP Report Designer Installation</field>
            <field name="type">ir.actions.act_window</field>
            <field name="res_model">base_report_designer.installer</field>
            <field name="view_id" ref="view_report_designer_installer"/>
            <field name="view_type">form</field>
            <field name="view_mode">form</field>
            <field name="target">new</field>
        </record>
        <record id="report_designer_installer_todo" model="ir.actions.todo">
            <field name="action_id" ref="action_report_designer_installer"/>
            <field name="sequence">3</field>
            <field name="type">automatic</field>
        </record>
        <record id="action_report_designer_wizard" model="ir.actions.act_window">
            <field name="name">OpenERP Report Designer</field>
            <field name="type">ir.actions.act_window</field>
            <field name="res_model">base_report_designer.installer</field>
            <field name="view_id" ref="view_report_designer_installer"/>
            <field name="view_type">form</field>
            <field name="view_mode">form</field>
            <field name="target">new</field>
            <field name="context">{'menu':True}</field>
        </record>
        <menuitem parent="base.menu_reporting_config" name="Report Designer" action="action_report_designer_wizard" id="menu_action_report_designer_wizard" sequence="1"/>
    </data>
</openerp>
