<openerp>
<data>
        <record id="view_account_journal_form_group_products" model="ir.ui.view">
            <field name="name">account.journal.form.group_products</field>
            <field name="model">account.journal</field>
            <field name="type">form</field>
	    <field name="inherit_id" ref="account.view_account_journal_form"/>
            <field name="arch" type="xml">
	    	<field name="group_invoice_lines" position="before">
			<field name="invoice_sequence_id"/>
		</field>
	    </field>
	</record>
</data>
</openerp>
